{
  "persona": {
    "name": "{{name}}",
    "description": "{{description}}",
    "archetype": "{{archetype}}",
    "version": "1.0.0",
    "author": "{{author}}",
    "tags": ["custom", "{{archetype}}"]
  },
  "core_traits": {
    "archetype": "{{archetype}}",
    "temperament": "{{temperament}}",
    "communication_style": "{{communication_style}}",
    "values": ["{{values}}"],
    "motivations": ["{{motivations}}"]
  },
  "linguistic_profile": {
    "tone": ["{{tone}}"],
    "vocabulary": ["{{vocabulary}}"],
    "speech_patterns": ["{{speech_patterns}}"],
    "formality_level": "{{formality_level}}",
    "response_length": "{{response_length}}"
  },
  "behavioral_rules": [
    "{{behavioral_rules}}"
  ],
  "advanced_parameters": {
    "temperature": {{temperature}},
    "top_p": {{top_p}},
    "max_tokens": {{max_tokens}},
    "frequency_penalty": {{frequency_penalty}},
    "presence_penalty": {{presence_penalty}}
  }
}
